Name,Score,GRADE
arun regmi,81.0,A
abhinav arya,78.0,A-
prajwal bhandary,74.0,B+
aashirwad bhattarai,84.0,A
sudip bhattarai,78.0,A-
kiran bhusal,68.0,B
amisha dahal,79.0,A-
jasmine dahal,79.0,A-
mandish dahal,70.0,B+
prabhu dahal,73.0,B+
utsav darlami,80.0,A
anurupa dhamala,79.0,A-
asmita dhungana,79.0,A-
shruti dhungana,78.0,A-
minusha gurung,78.0,A-
babin joshi,80.0,A
aayush kafle,76.0,A-
unique karki,73.0,B+
anup khadka,66.0,B
pratik khadka,75.0,A-
bhabuk kunwar,73.0,B+
gyanas luitel,79.0,A-
asim mahat,79.0,A-
saahil mahato,79.0,A-
kiran neupane,80.0,A
prabhat neupane,73.0,B+
saugat pahari,84.0,A
ashish rajbanshi,77.0,A-
roman regmi,79.0,A-
bishal shah,78.0,A-
saugat shakya,77.0,A-
joshan shrestha,62.0,B-
prajeet shrestha,72.0,B+
rohan shrestha,77.0,A-
niraj tamang,74.0,B+
ritik tamrakar,86.0,A
suruchi tamrakar,78.0,A-
nischal thakuri,83.0,A
adil tuladhar,79.0,A-
pramod yadav,73.0,B+
shreeyash shrestha,68.0,B
prarthana prasai,85.0,A
bibhusan baral,80.0,A
shubh raj dhital,67.0,B
satyam karki,75.0,A-
rikesh karmacharya,76.0,A-
roshan shreesh,55.0,C+
hrishav shrestha,68.0,B
bishal sunchury,70.0,B+
bimal timilsina,75.0,A-
amrit acharya,74.0,B+
bibash acharya,,
suyog acharya,78.0,A-
ashish adhikari,87.0,A
namit adhikari,73.0,B+
skanda aryal,70.0,B+
ujwal basnet,83.0,A
arjun bhandari,80.0,A
prashant bhatta,75.0,A-
sailesh dahal,91.0,A
pratik devkota,69.0,B
aashish dhakal,77.0,A-
adarsha dhakal,73.0,B+
sarayu gautam,92.0,A
ranjan ghimire,69.0,B
nabin gyawali,66.0,B
aashish jangam,73.0,B+
bhupesh joshi,68.0,B
aashish k.c.,66.0,B
rashika karki,76.0,A-
ankit karna,81.0,A
bishal kc,76.0,A-
bhabin khadka,87.0,A
pragya khadka,75.0,A-
urina lama,84.0,A
jason maharjan,79.0,A-
neha malla,86.0,A
kristal manandhar,66.0,B
charchit nemkul,72.0,B+
anup niroula,73.0,B+
prabhat pandey,75.0,A-
bishant pant,69.0,B
niranjan pant,71.0,B+
swopnil parajuli,75.0,A-
sansrit paudel,89.0,A
aashish pokharel,80.0,A
samjhana pokharel,85.0,A
ashish pokhrel,82.0,A
dinesh poudel,74.0,B+
david prajapati,79.0,A-
nawaraj rai,83.0,A
aseem regmi,68.0,B
rishav rimal,77.0,A-
shusant sapkota,76.0,A-
abhishek shrestha,81.0,A
awan shrestha,92.0,A
bheart shrestha,77.0,A-
bijay shrestha,60.0,B-
jeevitesh shrestha,76.0,A-
karun shrestha,73.0,B+
prithivi shrestha,70.0,B+
sabil shrestha,91.0,A
shirish sigdyal,75.0,A-
ashish subedi,86.0,A
bigya tandukar,71.0,B+
gaurav thagunna,77.0,A-
pramod thapa,76.0,A-
utsav prajapati,71.0,B+
merina khimbaja,73.0,B+
